country_code,latitude,longitude,country,neighbors
AD,42.546245,1.601554,Andorra,"France, Spain"
AE,23.424076,53.847818,United Arab Emirates,"Oman, Saudi Arabia"
AF,33.93911,67.709953,Afghanistan,"China, Iran (Islamic Republic of), Pakistan, Tajikistan, Turkmenistan, Uzbekistan"
AG,17.060816,-61.796428,Antigua and Barbuda,
AL,41.153332,20.168331,Albania,"Greece, Montenegro, North Macedonia, Serbia"
AM,40.069099,45.038189,Armenia,"Azerbaijan, Georgia, Iran (Islamic Republic of), Turkey"
AO,-11.202692,17.873887,Angola,"Congo, Congo (the Democratic Republic of the), Namibia, Zambia"
AQ,-75.250973,-0.071389,Antarctica,
AR,-38.416097,-63.616672,Argentina,"Bolivia (Plurinational State Of), Brazil, Chile, Paraguay, Uruguay"
AS,-14.270972,-170.132217,Samoa,
AT,47.516231,14.550072,Austria,"Czechia, Germany, Hungary, Italy, Liechtenstein, Slovakia, Slovenia, Switzerland"
AU,-25.274398,133.775136,Australia,
AZ,40.143105,47.576927,Azerbaijan,"Armenia, Georgia, Iran (Islamic Republic of), Russian Federation, Turkey"
BA,43.915886,17.679076,Bosnia and Herzegovina,"Croatia, Montenegro, Serbia"
BB,13.193887,-59.543198,Barbados,
BD,23.684994,90.356331,Bangladesh,"India, Myanmar"
BE,50.503887,4.469936,Belgium,"France, Germany, Luxembourg, Netherlands"
BF,12.238333,-1.561593,Burkina Faso,"Benin, Cote d’Ivoire, Ghana, Mali, Niger, Togo"
BG,42.733883,25.48583,Bulgaria,"Greece, North Macedonia, Romania, Serbia, Turkey"
BH,25.930414,50.637772,Bahrain,
BI,-3.373056,29.918886,Burundi,"Congo Republic, Rwanda, Tanzania"
BJ,9.30769,2.315834,Benin,"Burkina Faso, Niger, Nigeria, Togo"
BN,4.535277,114.727669,Brunei,
BO,-16.290154,-63.588653,Bolivia,
BR,-14.235004,-51.92528,Brazil,"Argentina, Bolivia, Colombia, French Guiana, Guyana, Paraguay, Peru, Suriname, Uruguay, Venezuela"
BS,25.03428,-77.39628,Bahamas,
BT,27.514162,90.433601,Bhutan,"China, India"
BW,-22.328474,24.684866,Botswana,"Namibia, South Africa, Zambia, Zimbabwe"
BY,53.709807,27.953389,Belarus,"Latvia, Lithuania, Poland, Russia, Ukraine"
BZ,17.189877,-88.49765,Belize,"Guatemala, Mexico"
CA,56.130366,-106.346771,Canada,United States of America
CD,-4.038333,21.758664,Congo,"Angola, Cameroon, Central African Republic, Congo, Gabon"
CF,6.611111,20.939444,Central African Republic,"Cameroon, Chad, Congo, Congo, South Sudan, Sudan"
CG,-0.228021,15.827659,Democratic Congo Republic,
CH,46.818188,8.227512,Switzerland,"Austria, France, Germany, Italy, Liechtenstein"
CI,7.539989,-5.54708,Ivory Coast, "Burkina Faso, Ghana, Guinea, Liberia, Mali"
CL,-35.675147,-71.542969,Chile,"Argentina, Bolivia, Peru"
CM,7.369722,12.354722,Cameroon,"Central African Republic, Chad, Congo, Equatorial Guinea, Gabon, Nigeria"
CN,35.86166,104.195397,China,"Afghanistan, Bhutan, Hong Kong, India, Kazakhstan, Korea, Kyrgyzstan, Lao People's Democratic Republic, Macao, Mongolia, Myanmar, Nepal, Pakistan, Russian Federation, Tajikistan, Viet Nam"
CO,4.570868,-74.297333,Colombia,"Brazil, Ecuador, Panama, Peru, Venezuela"
CR,9.748917,-83.753428,Costa Rica,"Nicaragua, Panama"
CU,21.521757,-77.781167,Cuba, 
CV,16.002082,-24.013197,Cabo Verde,
CY,35.126413,33.429859,Cyprus,
CZ,49.817492,15.472962,Czechia,"Austria, Germany, Poland, Slovakia"
DE,51.165691,10.451526,Germany,"Austria, Belgium, Czechia, Denmark, France, Luxembourg, Netherlands, Poland, Switzerland"
DJ,11.825138,42.590275,Djibouti,"Eritrea, Ethiopia, Somalia"
DK,56.26392,9.501785,Denmark,Germany
DM,15.414999,-61.370976,Dominica,
DO,18.735693,-70.162651,Dominican Republic,Haiti
DZ,28.033886,1.659626,Algeria,"Libya, Mali, Mauritania, Morocco, Niger, Tunisia, Western Sahara"
EC,-1.831239,-78.183406,Ecuador,"Colombia, Peru"
EE,58.595272,25.013607,Estonia,"Latvia, Russian Federation"
EG,26.820553,30.802498,Egypt,"Israel, Libya, Palestine, State of, Sudan"
EH,24.215527,-12.885834,Western Sahara,"Algeria, Mauritania, Morocco"
ER,15.179384,39.782334,Eritrea,"Djibouti, Ethiopia, Sudan"
ES,40.463667,-3.74922,Spain,"Andorra, France, Gibraltar, Morocco, Portugal"
ET,9.145,40.489673,Ethiopia,"Djibouti, Eritrea, Kenya, Somalia, South Sudan, Sudan"
FI,61.92411,25.748151,Finland,"Norway, Russian Federation, Sweden"
FJ,-16.578193,179.414413,Fiji,
FM,7.425554,150.550812,Micronesia,
FR,46.227638,2.213749,France,"Andorra, Belgium, Germany, Italy, Luxembourg, Monaco, Spain, Switzerland"
GA,-0.803689,11.609444,Gabon,"Cameroon, Congo, Equatorial Guinea"
GB,55.378051,-3.435973,United Kingdom,
GD,12.262776,-61.604171,Grenada,
GE,42.315407,43.356892,Georgia,"Armenia, Azerbaijan, Russia, Turkey"
GH,7.946527,-1.023194,Ghana,"Burkina Faso, Cote d’Ivoire, Togo"
GL,71.706936,-42.604303,Greenland,
GM,13.443182,-15.310139,Gambia,
GN,9.945587,-9.696645,Guinea,"Cote d’Ivoire, Guinea-Bissau, Liberia, Mali, Senegal, Sierra Leone"
GQ,1.650801,10.267895,Equatorial Guinea,"Cameroon, Gabon"
GR,39.074208,21.824312,Greece,"Albania, Bulgaria, North Macedonia, Turkey"
GT,15.783471,-90.230759,Guatemala,"Belize, El Salvador, Honduras, Mexico"
GW,11.803749,-15.180413,Guinea-Bissau,"Guinea, Senegal"
GY,4.860416,-58.93018,Guyana,"Brazil, Suriname, Venezuela"
HN,15.199999,-86.241905,Honduras,"El Salvador, Guatemala, Nicaragua"
HR,45.1,15.2,Croatia,"Bosnia and Herzegovina, Hungary, Montenegro, Serbia, Slovenia"
HT,18.971187,-72.285215,Haiti,Dominican Republic
HU,47.162494,19.503304,Hungary,"Austria, Croatia, Romania, Serbia, Slovakia, Slovenia, Ukraine"
ID,-0.789275,113.921327,Indonesia,"Malaysia, Papua New Guinea, Timor-Leste"
IE,53.41291,-8.24389,Ireland,United Kingdom of Great Britain and Northern Ireland
IL,31.046051,34.851612,Israel,"Egypt, Jordan, Lebanon, Palestine, State of, Syrian"
IN,20.593684,78.96288,India,"Bangladesh, Bhutan, China, Myanmar, Nepal, Pakistan"
IQ,33.223191,43.679291,Iraq,"Iran, Jordan, Kuwait, Saudi Arabia, Syrian, Turkey"
IR,32.427908,53.688046,Iran,
IS,64.963051,-19.020835,Iceland,
IT,41.87194,12.56738,Italy,"Austria, France, San Marino, Slovenia, Switzerland, Vatican City, Monaco"
JE,49.214439,-2.13125,Jersey,
JM,18.109581,-77.297508,Jamaica,
JO,30.585164,36.238414,Jordan,"Iraq, Israel, Palestine, Saudi Arabia, Syria"
JP,36.204824,138.252924,Japan,
KE,-0.023559,37.906193,Kenya,"Ethiopia, Somalia, South Sudan, Tanzania, Uganda"
KG,41.20438,74.766098,Kyrgyzstan,"China, Kazakhstan, Tajikistan, Uzbekistan"
KH,12.565679,104.990963,Cambodia,"Laos , Thailand, Vietnam"
KI,-3.370417,-168.734039,Kiribati,
KM,-11.875001,43.872219,Comoros,
KN,17.357822,-62.782998,Saint Kitts and Nevis,
KP,40.339852,127.510093,North Korea,"China, South Korea, Russia"
KR,35.907757,127.766922,South Korea,"North Korea"
KW,29.31166,47.481766,Kuwait,"Iraq, Saudi Arabia"
KZ,48.019573,66.923684,Kazakhstan,"China, Kyrgyzstan, Russia, Turkmenistan, Uzbekistan"
LA,19.85627,102.495496,Laos,"Cambodia, China, Myanmar, Thailand, Vietnam"
LB,33.854721,35.862285,Lebanon,"Israel, Syria"
LC,13.909444,-60.978893,Saint Lucia,
LI,47.166,9.555373,Liechtenstein,"Austria, Switzerland"
LK,7.873054,80.771797,Sri Lanka,
LR,6.428055,-9.429499,Liberia,"Cote d’Ivoire, Guinea, Sierra Leone"
LS,-29.609988,28.233608,Lesotho,South Africa
LT,55.169438,23.881275,Lithuania,"Belarus, Latvia, Poland, Russia"
LU,49.815273,6.129583,Luxembourg,"Belgium, Germany, France"
LV,56.879635,24.603189,Latvia,"Belarus, Estonia, Lithuania, Russia"
LY,26.3351,17.228331,Libya,"Algeria, Chad, Egypt, Niger, Sudan, Tunisia"
MA,31.791702,-7.09262,Morocco,"Algeria, Spain"
MC,43.750298,7.412841,Monaco,France
MD,47.411631,28.369885,Moldova,
ME,42.708678,19.37439,Montenegro,"Albania, Bosnia and Herzegovina, Croatia, Serbia"
MG,-18.766947,46.869107,Madagascar,
MH,7.131474,171.184478,Marshall Islands,
MK,41.608635,21.745275,Macedonia,
ML,17.570692,-3.996166,Mali,"Algeria, Burkina Faso, Cote d’Ivoire, Guinea, Mauritania, Niger, Senegal"
MM,21.913965,95.956223,Myanmar,"Bangladesh, China, India, Laos, Thailand"
MN,46.862496,103.846656,Mongolia,"China, Russia"
MR,21.00789,-10.940835,Mauritania,"Algeria, Mali, Senegal, Western Sahara"
MT,35.937496,14.375416,Malta,
MU,-20.348404,57.552152,Mauritius,
MV,3.202778,73.22068,Maldives,
MW,-13.254308,34.301525,Malawi,"Mozambique, Tanzania, Zambia"
MX,23.634501,-102.552784,Mexico,"Belize, Guatemala, United States of America"
MY,4.210484,101.975766,Malaysia,"Brunei Darussalam, Indonesia, Thailand"
MZ,-18.665695,35.529562,Mozambique,"Malawi, Eswatini, South Africa, Tanzania, Zambia, Zimbabwe"
,-22.95764,18.49041,Namibia,"Angola, Botswana, South Africa, Zambia"
NE,17.607789,8.081666,Niger,"Algeria, Benin, Burkina Faso, Chad, Libya, Mali, Nigeria"
NG,9.081999,8.675277,Nigeria,"Benin, Cameroon, Chad, Niger"
NI,12.865416,-85.207229,Nicaragua,"Costa Rica, Honduras"
NL,52.132633,5.291266,Netherlands,"Belgium, Germany"
NO,60.472024,8.468946,Norway,"Finland, Russia, Sweden"
NP,28.394857,84.124008,Nepal,"China, India"
NR,-0.522778,166.931503,Nauru,
NZ,-40.900557,174.885971,New Zealand,
OM,21.512583,55.923255,Oman,"United Arab Emirates, Saudi Arabia, Yemen"
PA,8.537981,-80.782127,Panama,"Colombia, Costa Rica"
PE,-9.189967,-75.015152,Peru,"Bolivia, Brazil, Chile, Colombia, Ecuador"
PG,-6.314993,143.95555,Papua New Guinea,Indonesia
PH,12.879721,121.774017,Philippines,
PK,30.375321,69.345116,Pakistan,"Afghanistan, China, India, Iran"
PL,51.919438,19.145136,Poland,"Belarus, Czechia, Germany, Lithuania, Russia, Slovakia, Ukraine"
PT,39.399872,-8.224454,Portugal,Spain
PW,7.51498,134.58252,Palau,
PY,-23.442503,-58.443832,Paraguay,"Argentina, Bolivia, Brazil"
QA,25.354826,51.183884,Qatar,Saudi Arabia
RO,45.943161,24.96676,Romania,"Bulgaria, Hungary, Moldova, Serbia, Ukraine"
RS,44.016521,21.005859,Serbia,"Albania, Bosnia and Herzegovina, Bulgaria, Croatia, Hungary, Montenegro, North Macedonia, Romania"
RU,61.52401,105.318756,Russia,"Azerbaijan, Belarus, China, Estonia, Finland, Georgia, Kazakhstan, North Korea, Latvia, Lithuania, Mongolia, Norway, Poland, Ukraine"
RW,-1.940278,29.873888,Rwanda,"Burundi, Congo, Tanzania, Uganda"
SA,23.885942,45.079162,Saudi Arabia,"Iraq, Jordan, Kuwait, Oman, Qatar, United Arab Emirates, Yemen"
SB,-9.64571,160.156194,Solomon Islands,
SC,-4.679574,55.491977,Seychelles,
SD,12.862807,30.217636,Sudan,"Central African Republic, Chad, Egypt, Ethiopia, Eritrea, Libya, South Sudan"
SE,60.128161,18.643501,Sweden,"Finland, Norway"
SG,1.352083,103.819836,Singapore,
SI,46.151241,14.995463,Slovenia,"Austria, Croatia, Hungary, Italy"
SK,48.669026,19.699024,Slovakia,"Austria, Czechia, Hungary, Poland, Ukraine"
SL,8.460555,-11.779889,Sierra Leone,"Guinea, Liberia"
SM,43.94236,12.457777,San Marino,Italy
SN,14.497401,-14.452362,Senegal,"Gambia, Guinea, Guinea-Bissau, Mali, Mauritania"
SO,5.152149,46.199616,Somalia,"Djibouti, Ethiopia, Kenya"
SR,3.919305,-56.027783,Suriname,"Brazil, French Guiana, Guyana"
ST,0.18636,6.613081,São Tomé and Príncipe,
SV,13.794185,-88.89653,El Salvador,"Guatemala, Honduras"
SY,34.802075,38.996815,Syria,
TC,21.694025,-71.797928,Turks and Caicos Islands,
TD,15.454166,18.732207,Chad,"Cameroon, Central African Republic, Libya, Niger, Nigeria, Sudan"
TG,8.619543,0.824782,Togo,"Benin, Burkina Faso, Ghana"
TH,15.870032,100.992541,Thailand,"Cambodia, Laos, Malaysia, Myanmar"
TJ,38.861034,71.276093,Tajikistan,"Afghanistan, China, Kyrgyzstan, Uzbekistan"
TL,-8.874217,125.727539,Timor-Leste,Indonesia
TM,38.969719,59.556278,Turkmenistan,"Afghanistan, Iran, Kazakhstan, Uzbekistan"
TN,33.886917,9.537499,Tunisia,"Algeria, Libya"
TO,-21.178986,-175.198242,Tonga,
TR,38.963745,35.243322,Turkey,"Armenia, Azerbaijan, Bulgaria, Georgia, Greece, Iran, Iraq, Syria"
TT,10.691803,-61.222503,Trinidad and Tobago,
TV,-7.109535,177.64933,Tuvalu,
TW,23.69781,120.960515,Taiwan,
TZ,-6.369028,34.888822,Tanzania,"Burundi, Congo, Kenya, Malawi, Mozambique, Rwanda, Uganda, Zambia"
UA,48.379433,31.16558,Ukraine,"Belarus, Hungary, Moldova, Poland, Romania, Russia, Slovakia"
UG,1.373333,32.290275,Uganda,"Congo, Kenya, Rwanda, South Sudan, Tanzania"
US,37.09024,-95.712891,United States,"Canada, Mexico"
UY,-32.522779,-55.765835,Uruguay,"Argentina, Brazil"
UZ,41.377491,64.585262,Uzbekistan,"Afghanistan, Kazakhstan, Kyrgyzstan, Tajikistan, Turkmenistan"
VA,41.902916,12.453389,Vatican City,"Italy"
VC,12.984305,-61.287228,Saint Vincent and the Grenadines,
VE,6.42375,-66.58973,Venezuela,"Brazil, Colombia, Guyana"
VN,14.058324,108.277199,Vietnam,"Cambodia, China, Laos"
VU,-15.376706,166.959158,Vanuatu,
WS,-13.759029,-172.104629,Samoa,
XK,42.602636,20.902977,Kosovo,"Albania, Montenegro, North Macedonia, Serbia"
YE,15.552727,48.516388,Yemen,"Oman, Saudi Arabia"
ZA,-30.559482,22.937506,South Africa,"Botswana, Lesotho, Mozambique, Namibia, Eswatini, Zimbabwe"
ZM,-13.133897,27.849332,Zambia,"Angola, Botswana, Congo, Malawi, Mozambique, Namibia, Tanzania, Zimbabwe"
ZW,-19.015438,29.154857,Zimbabwe,"Botswana, Mozambique, South Africa, Zambia"
